created_at,entry_id,field1,field2,field3,field4,field5,field6,field7,latitude,longitude,elevation,status
2026-07-20T03:25:39+00:00,1,33.6,27.1,77.2,7.8,12.2,32.9,32.4,,,,
2026-07-20T03:27:04+00:00,2,32.6,26.9,77.4,7,12.3,33,32.5,,,,
2026-07-20T03:37:42+00:00,3,32.3,26.9,77,5.7,12.2,32.8,32.3,,,,
2026-07-20T03:39:27+00:00,4,31.4,27,77,5.6,12.2,32.8,32.3,,,,
2026-07-20T03:44:35+00:00,5,32.6,27,76.6,5.3,12.1,32.6,32.1,,,,
2026-07-20T04:40:13+00:00,6,48.2,27.5,66.4,5.6,10,27.7,27.2,,,,
2026-07-20T04:50:52+00:00,7,44.8,27.5,66.5,4.9,10,27.7,27.2,,,,
2026-07-20T05:04:28+00:00,8,46.2,27.5,66.5,4.4,10,27.7,27.2,,,,
2026-07-20T05:47:26+00:00,9,32.1,27.5,21.2,5.9,0.5,5.9,5.1,,,,
2026-07-20T05:50:38+00:00,10,32.1,27.5,21.2,5.6,0.5,5.9,5.1,,,,
2026-07-21T09:35:45+00:00,11,0,0,0,0,0,0,0,,,,
2026-07-21T10:21:45+00:00,12,0,0,0,0,0,0,0,,,,
2026-07-22T08:14:02+00:00,13,0,0,0,0,0,0,0,,,,
2026-07-22T08:49:16+00:00,14,0,0,0,0,0,0,0,,,,
2026-07-23T04:54:43+00:00,15,99,,,,,,,,,,
2026-07-23T05:13:51+00:00,16,99,,,,,,,,,,
2026-07-23T05:15:39+00:00,17,99,,,,,,,,,,
2026-07-23T05:20:50+00:00,18,0,29.2,0,9,0,0,0,,,,
2026-07-23T05:21:12+00:00,19,0,29.2,0,9,0,0,0,,,,
2026-07-23T05:21:34+00:00,20,5.3,29.2,0,9,0,0,0,,,,
2026-07-23T05:21:56+00:00,21,0,33.6,0,9,0,0,0,,,,
2026-07-23T05:22:19+00:00,22,2.3,32.9,0,7.3,0,0,0,,,,
2026-07-23T05:22:43+00:00,23,0,32.1,0,9,0,0,0,,,,
2026-07-23T05:23:08+00:00,24,0,31.6,0,9,0,0,0,,,,
2026-07-23T05:23:54+00:00,25,37.9,31.3,14.2,8.4,0,2.5,1.7,,,,
2026-07-23T05:24:18+00:00,26,35,33.6,16,9,0,3.4,2.6,,,,
2026-07-23T05:24:42+00:00,27,0,34.1,0,9,0,0,0,,,,
2026-07-23T05:25:05+00:00,28,0,33.2,0,9,0,0,0,,,,
2026-07-23T05:25:29+00:00,29,0,32.3,0,9,0,0,0,,,,
2026-07-23T05:25:50+00:00,30,0,31.7,0,8.7,0,0,0,,,,
2026-07-23T05:26:13+00:00,31,2.2,31.3,0,8.9,0,0,0,,,,
2026-07-23T05:26:36+00:00,32,2.1,30.8,0,8.3,0,0,0,,,,
2026-07-23T05:26:59+00:00,33,0,30.7,0,8.8,0,0,0,,,,
2026-07-23T05:27:21+00:00,34,0,30.5,0,8.8,0,0,0,,,,
2026-07-23T05:27:44+00:00,35,0,30.3,0,8.3,0,0,0,,,,
2026-07-23T05:28:08+00:00,36,25.8,33.6,15.2,9,0,3,2.2,,,,
2026-07-23T05:28:31+00:00,37,25.6,34.5,15.4,9,0,3.1,2.3,,,,
2026-07-23T05:28:54+00:00,38,24,34.7,15.3,9,0,3.1,2.3,,,,
2026-07-23T05:29:17+00:00,39,23.4,34.7,15.2,9,0,3,2.2,,,,
2026-07-23T05:29:39+00:00,40,2.4,34.8,0,9,0,0,0,,,,
2026-07-23T05:30:03+00:00,41,0,33.9,0,9,0,0,0,,,,
2026-07-23T05:30:27+00:00,42,0,32.9,0,9,0,0,0,,,,
2026-07-23T05:30:48+00:00,43,0,32.3,0,9,0,0,0,,,,
2026-07-23T05:31:36+00:00,44,0,31.5,0,9,0,0,0,,,,
2026-07-23T05:36:13+00:00,45,2.9,30.1,0,9,0,0,0,,,,
2026-07-23T05:36:34+00:00,46,2.1,30,0,9,0,0,0,,,,
2026-07-23T05:36:56+00:00,47,0,29.8,0,8.8,0,0,0,,,,
2026-07-23T05:37:18+00:00,48,0,29.8,0,9,0,0,0,,,,
2026-07-23T05:37:39+00:00,49,0,29.7,0,9,0,0,0,,,,
2026-07-23T05:38:01+00:00,50,0,29.6,0,9,0,0,0,,,,
2026-07-23T05:38:23+00:00,51,0,29.6,0,9,0,0,0,,,,
2026-07-23T05:38:45+00:00,52,0,29.5,0,9,0,0,0,,,,
2026-07-23T05:39:07+00:00,53,2.1,29.5,0,9,0,0,0,,,,
2026-07-23T05:39:29+00:00,54,2,29.5,0,9,0,0,0,,,,
2026-07-23T05:39:51+00:00,55,0,29.5,0,9,0,0,0,,,,
2026-07-23T05:40:13+00:00,56,2.2,29.5,0,9,0,0,0,,,,
2026-07-23T05:40:35+00:00,57,0,29.5,0,9,0,0,0,,,,
2026-07-23T05:40:57+00:00,58,0,29.4,0,9,0,0,0,,,,
2026-07-23T05:41:18+00:00,59,0,29.4,0,9,0,0,0,,,,
2026-07-23T05:41:40+00:00,60,0,29.4,0,9,0,0,0,,,,
2026-07-23T05:42:02+00:00,61,0,29.4,0,9,0,0,0,,,,
2026-07-23T05:42:24+00:00,62,2,29,14.2,8.2,0,2.5,1.7,,,,
2026-07-23T05:42:45+00:00,63,0,27.6,0,9,0,0,0,,,,
2026-07-23T05:43:10+00:00,64,0,26.4,0,9,0,0,0,,,,
2026-07-23T05:43:31+00:00,65,0,26.4,0,9,0,0,0,,,,
2026-07-23T05:43:53+00:00,66,97.6,28.8,14.2,8.3,0,2.5,1.7,,,,
2026-07-23T05:44:14+00:00,67,80.2,28.8,32.9,7.5,3,11.5,10.8,,,,
2026-07-23T05:44:36+00:00,68,54.5,28.9,32.9,7.2,3,11.5,10.8,,,,
2026-07-23T05:44:58+00:00,69,41.5,28.9,34.4,7,3.3,12.3,11.6,,,,
2026-07-23T05:45:19+00:00,70,72.9,28.9,34.4,7,3.3,12.3,11.6,,,,
2026-07-23T05:45:41+00:00,71,71.2,29,29.6,6.7,2.3,9.9,9.2,,,,
2026-07-23T05:46:02+00:00,72,75.4,28.9,31,6.5,2.6,10.6,9.9,,,,
2026-07-23T05:46:24+00:00,73,77.3,28.9,32.5,6.4,2.9,11.3,10.6,,,,
2026-07-23T05:46:46+00:00,74,77.3,28.9,32.6,6.3,2.9,11.4,10.7,,,,
2026-07-23T05:47:07+00:00,75,78.5,28.9,32.5,6.2,2.9,11.3,10.6,,,,
2026-07-23T05:47:29+00:00,76,80.2,28.9,32.5,6.2,2.9,11.3,10.6,,,,
2026-07-23T05:47:51+00:00,77,76.2,28.9,32.5,6.1,2.9,11.3,10.6,,,,
2026-07-23T05:48:12+00:00,78,79.6,28.9,32.5,6,2.9,11.3,10.6,,,,
2026-07-23T05:48:34+00:00,79,78.5,28.9,32.5,6,2.9,11.3,10.6,,,,
2026-07-23T05:48:56+00:00,80,76.2,28.9,32.5,5.9,2.9,11.3,10.6,,,,
2026-07-23T05:49:17+00:00,81,75.2,28.9,32.5,5.9,2.9,11.3,10.6,,,,
2026-07-23T05:49:39+00:00,82,75.2,28.9,32.5,5.8,2.9,11.3,10.6,,,,
2026-07-23T05:50:01+00:00,83,76.4,28.9,32.5,5.8,2.9,11.3,10.6,,,,
2026-07-23T05:50:23+00:00,84,78.5,28.9,32.5,5.8,2.9,11.3,10.6,,,,
2026-07-23T05:50:44+00:00,85,76.4,28.9,32.5,5.7,2.9,11.3,10.6,,,,
2026-07-23T05:51:06+00:00,86,76.2,28.9,32.5,5.7,2.9,11.3,10.6,,,,
2026-07-23T05:51:28+00:00,87,76.4,28.9,32.5,5.7,2.9,11.3,10.6,,,,
2026-07-23T05:51:49+00:00,88,76.2,28.9,32.5,5.6,2.9,11.3,10.6,,,,
2026-07-23T05:52:11+00:00,89,78.7,28.9,32.4,5.6,2.9,11.3,10.6,,,,
2026-07-23T05:52:33+00:00,90,76.2,28.9,32.5,5.6,2.9,11.3,10.6,,,,
2026-07-23T05:52:54+00:00,91,75.2,28.9,32.4,5.5,2.9,11.3,10.6,,,,
2026-07-23T05:53:16+00:00,92,76.2,28.9,32.4,5.5,2.9,11.3,10.6,,,,
2026-07-23T05:53:38+00:00,93,75.2,28.9,32.4,5.5,2.9,11.3,10.6,,,,
2026-07-23T05:54:00+00:00,94,77.3,28.9,32.4,5.5,2.9,11.3,10.6,,,,
2026-07-23T05:54:21+00:00,95,78.5,28.9,32.4,5.4,2.9,11.3,10.6,,,,
2026-07-23T05:54:43+00:00,96,78.5,28.9,32.4,5.4,2.9,11.3,10.6,,,,
2026-07-23T05:55:05+00:00,97,76.4,28.9,32.4,5.4,2.9,11.3,10.6,,,,
2026-07-23T05:55:26+00:00,98,76.4,28.9,32.4,5.4,2.9,11.3,10.6,,,,
2026-07-23T05:55:48+00:00,99,78.5,28.9,32.4,5.3,2.9,11.3,10.6,,,,
2026-07-23T05:56:10+00:00,100,78.7,28.9,32.4,5.3,2.9,11.3,10.6,,,,
2026-07-23T05:56:32+00:00,101,75.2,28.9,32.4,5.3,2.9,11.3,10.6,,,,
2026-07-23T05:56:53+00:00,102,76.2,28.8,32.4,5.3,2.9,11.3,10.6,,,,
2026-07-23T05:57:15+00:00,103,77.7,28.8,32.4,5.3,2.9,11.3,10.6,,,,
2026-07-23T05:57:36+00:00,104,74.8,28.8,32.4,5.2,2.9,11.3,10.6,,,,
2026-07-23T05:57:58+00:00,105,76.2,28.8,32.4,5.2,2.9,11.3,10.6,,,,
2026-07-23T05:58:19+00:00,106,100,28.8,33.4,5.2,3.1,11.8,11.1,,,,
2026-07-23T05:58:41+00:00,107,100,28.8,33.4,5.2,3.1,11.8,11.1,,,,
2026-07-23T05:59:03+00:00,108,100,28.8,33.4,5.2,3.1,11.8,11.1,,,,
2026-07-23T05:59:25+00:00,109,100,28.8,33.4,5.1,3.1,11.8,11.1,,,,
2026-07-23T05:59:47+00:00,110,100,28.8,33.4,5.1,3.1,11.8,11.1,,,,
2026-07-23T06:00:08+00:00,111,100,28.8,33.4,5.1,3.1,11.8,11.1,,,,
2026-07-23T06:00:30+00:00,112,100,28.8,33.4,5.1,3.1,11.8,11.1,,,,
2026-07-23T06:00:52+00:00,113,100,28.8,33.4,5.1,3.1,11.8,11.1,,,,
2026-07-23T06:01:14+00:00,114,100,28.8,33.4,5.1,3.1,11.8,11.1,,,,
2026-07-23T06:01:35+00:00,115,100,28.8,33.4,5,3.1,11.8,11.1,,,,
2026-07-23T06:01:57+00:00,116,100,28.8,33.4,5,3.1,11.8,11.1,,,,
2026-07-23T06:02:19+00:00,117,100,28.8,33.4,5,3.1,11.8,11.1,,,,
2026-07-23T06:02:41+00:00,118,100,28.8,33.4,5,3.1,11.8,11.1,,,,
2026-07-23T06:03:03+00:00,119,23.5,26.4,43.7,8,5.2,16.7,16.1,,,,
2026-07-23T06:03:24+00:00,120,23.2,26.3,44,6.7,5.3,16.9,16.2,,,,
2026-07-23T06:03:46+00:00,121,23.8,26.2,44.2,6.3,5.3,17,16.3,,,,
2026-07-23T06:04:08+00:00,122,23.8,26.3,44.3,6,5.4,17,16.4,,,,
2026-07-23T06:04:29+00:00,123,23.8,26.3,44.4,5.8,5.4,17.1,16.4,,,,
2026-07-23T06:04:51+00:00,124,23.8,26.3,44.5,5.6,5.4,17.1,16.5,,,,
2026-07-23T06:05:12+00:00,125,23.6,26.3,44.6,5.5,5.4,17.2,16.5,,,,
2026-07-23T06:05:34+00:00,126,24,26.3,44.6,5.4,5.4,17.2,16.5,,,,
2026-07-23T06:05:56+00:00,127,23.9,26.3,44.7,5.3,5.4,17.2,16.6,,,,
2026-07-23T06:06:18+00:00,128,23.4,26.3,44.7,5.2,5.4,17.2,16.6,,,,
2026-07-23T06:06:39+00:00,129,24,26.3,44.8,5,5.5,17.3,16.6,,,,
2026-07-23T06:07:01+00:00,130,23.6,26.3,44.9,5,5.5,17.3,16.7,,,,
2026-07-23T06:07:23+00:00,131,23.4,26.3,44.9,4.9,5.5,17.3,16.7,,,,
2026-07-23T06:07:44+00:00,132,23.8,26.3,44.9,4.9,5.5,17.3,16.7,,,,
2026-07-23T06:08:06+00:00,133,23.6,26.3,44.9,4.8,5.5,17.3,16.7,,,,
2026-07-23T06:08:28+00:00,134,24.4,26.3,44.9,4.8,5.5,17.3,16.7,,,,
2026-07-23T06:08:49+00:00,135,23.6,26.3,45,4.7,5.5,17.4,16.7,,,,
2026-07-23T06:09:11+00:00,136,24,26.3,45,4.7,5.5,17.4,16.7,,,,
2026-07-23T06:09:33+00:00,137,23.6,26.3,45.1,4.7,5.5,17.4,16.8,,,,
2026-07-23T06:09:55+00:00,138,23.6,26.3,45.1,4.7,5.5,17.4,16.8,,,,
2026-07-23T06:10:17+00:00,139,23.4,26.3,45.1,4.6,5.5,17.4,16.8,,,,
2026-07-23T06:10:38+00:00,140,24,26.3,45.2,4.6,5.5,17.5,16.8,,,,
2026-07-23T06:11:00+00:00,141,24.4,26.4,45.2,4.6,5.5,17.5,16.8,,,,
2026-07-23T06:11:22+00:00,142,23.6,26.3,45.2,4.3,5.5,17.5,16.8,,,,
2026-07-23T06:11:44+00:00,143,23.6,26.3,45.2,4.4,5.5,17.5,16.8,,,,
2026-07-23T06:12:05+00:00,144,23.8,26.4,45.2,4.4,5.5,17.5,16.8,,,,
2026-07-23T06:12:27+00:00,145,23.6,26.4,45.2,4.5,5.5,17.5,16.8,,,,
2026-07-23T06:12:49+00:00,146,23.4,26.4,45.2,4.4,5.5,17.5,16.8,,,,
2026-07-23T06:13:10+00:00,147,24.4,26.4,45.3,4.3,5.6,17.5,16.9,,,,
2026-07-23T06:13:32+00:00,148,24,26.3,45.2,4.3,5.5,17.5,16.8,,,,
2026-07-23T06:13:53+00:00,149,23.4,26.4,45.3,4.3,5.6,17.5,16.9,,,,
2026-07-23T06:14:15+00:00,150,24,26.4,45.3,4.4,5.6,17.5,16.9,,,,
2026-07-23T06:14:36+00:00,151,23.9,26.4,45.3,4.3,5.6,17.5,16.9,,,,
2026-07-23T06:14:58+00:00,152,23.9,26.4,45.3,4.3,5.6,17.5,16.9,,,,
2026-07-23T06:15:20+00:00,153,23.6,26.4,45.3,4.3,5.6,17.5,16.9,,,,
2026-07-23T06:15:42+00:00,154,23.8,26.4,45.3,4.3,5.6,17.5,16.9,,,,
2026-07-23T06:16:04+00:00,155,23.7,26.4,45.4,4.3,5.6,17.6,16.9,,,,
2026-07-23T06:16:25+00:00,156,24,26.4,45.3,4.3,5.6,17.5,16.9,,,,
2026-07-23T06:16:47+00:00,157,24.2,26.4,45.3,4.3,5.6,17.5,16.9,,,,
2026-07-23T06:17:09+00:00,158,24,26.4,45.4,4.2,5.6,17.6,16.9,,,,
2026-07-23T06:17:31+00:00,159,23.7,26.4,45.3,4.2,5.6,17.5,16.9,,,,
2026-07-23T06:17:53+00:00,160,24,26.4,45.4,4.2,5.6,17.5,16.9,,,,
2026-07-23T06:18:15+00:00,161,23.4,26.4,45.4,4.2,5.6,17.6,16.9,,,,
2026-07-23T06:18:36+00:00,162,23.6,26.4,45.4,4.2,5.6,17.6,16.9,,,,
2026-07-23T06:18:58+00:00,163,23.4,26.4,45.4,4.2,5.6,17.6,16.9,,,,
2026-07-23T06:19:20+00:00,164,24,26.4,45.4,4.2,5.6,17.6,16.9,,,,
2026-07-23T06:19:41+00:00,165,23.6,26.4,45.5,4.2,5.6,17.6,16.9,,,,
2026-07-23T06:20:04+00:00,166,24,26.4,45.4,4,5.6,17.6,16.9,,,,
2026-07-23T06:20:26+00:00,167,24,26.4,45.4,4,5.6,17.6,16.9,,,,
2026-07-23T06:20:48+00:00,168,24.2,26.4,45.5,4,5.6,17.6,17,,,,
2026-07-23T06:21:09+00:00,169,23.7,26.4,45.5,4,5.6,17.6,17,,,,
2026-07-23T06:21:31+00:00,170,22.7,26.4,45.5,4,5.6,17.6,17,,,,
2026-07-23T06:21:53+00:00,171,22.2,26.4,41.1,4.1,4.7,15.5,14.8,,,,
2026-07-23T06:22:15+00:00,172,47.4,27.2,41.1,4.1,4.7,15.5,14.8,,,,
2026-07-23T06:22:36+00:00,173,44.8,27.4,88.3,4,14.5,38.3,37.8,,,,
2026-07-23T06:23:00+00:00,174,41,27.3,82.5,4,13.3,35.5,34.9,,,,
2026-07-23T06:23:24+00:00,175,39.1,27.2,79.2,3.9,12.6,33.9,33.3,,,,
2026-07-23T06:23:46+00:00,176,38.7,27.2,77.1,3.9,12.2,32.9,32.3,,,,
2026-07-23T06:24:07+00:00,177,38.3,27.2,75.4,3.9,11.8,32,31.4,,,,
2026-07-23T06:24:29+00:00,178,38.3,27.1,74.3,3.9,11.6,31.5,31,,,,
2026-07-23T06:24:52+00:00,179,38.2,27.2,73.4,3.8,11.4,31.1,30.5,,,,
2026-07-23T06:25:14+00:00,180,36.7,27.1,72.6,3.9,11.3,30.7,30.1,,,,
2026-07-23T06:25:36+00:00,181,36.8,27.1,71.8,3.8,11.1,30.3,29.7,,,,
2026-07-23T06:25:58+00:00,182,37.5,27,71.2,3.8,11,30,29.4,,,,
2026-07-23T06:26:19+00:00,183,36.3,27,70.6,3.8,10.8,29.7,29.2,,,,
2026-07-23T06:26:41+00:00,184,35,27.1,70.2,3.8,10.7,29.5,28.9,,,,
2026-07-23T06:27:03+00:00,185,35,27,69.7,3.8,10.7,29.3,28.7,,,,
2026-07-23T06:27:24+00:00,186,36.3,27,69.3,3.9,10.6,29.1,28.5,,,,
2026-07-23T06:27:46+00:00,187,36.5,27,69,3.9,10.5,29,28.4,,,,
2026-07-23T06:28:07+00:00,188,34.6,27,68.7,3.8,10.4,28.8,28.2,,,,
2026-07-23T06:28:29+00:00,189,35,26.9,68.4,3.8,10.4,28.7,28.1,,,,
2026-07-23T06:28:51+00:00,190,34.1,27,68,3.8,10.3,28.5,27.9,,,,
2026-07-23T06:29:13+00:00,191,34.6,26.9,67.8,3.8,10.3,28.4,27.8,,,,
2026-07-23T06:29:34+00:00,192,34,27,67.5,3.8,10.2,28.2,27.6,,,,
2026-07-23T06:29:56+00:00,193,34,26.9,67.2,3.8,10.1,28.1,27.5,,,,
2026-07-23T06:30:17+00:00,194,34.8,26.9,67.1,3.8,10.1,28,27.5,,,,
2026-07-23T06:30:39+00:00,195,34.4,26.9,66.8,3.8,10,27.9,27.3,,,,
2026-07-23T06:31:01+00:00,196,34.3,26.9,66.5,3.8,10,27.7,27.2,,,,
2026-07-23T06:31:23+00:00,197,33.8,26.9,66.4,3.8,10,27.7,27.1,,,,
2026-07-23T06:31:45+00:00,198,33.3,26.7,66.2,3.8,9.9,27.6,27,,,,
2026-07-23T06:32:06+00:00,199,32.7,26.9,65.9,3.8,9.9,27.5,26.9,,,,
2026-07-23T06:32:28+00:00,200,33.3,26.9,65.8,3.8,9.8,27.4,26.8,,,,
2026-07-23T06:32:50+00:00,201,32.7,26.9,65.4,3.8,9.8,27.2,26.6,,,,
2026-07-23T06:33:11+00:00,202,33.6,26.8,65.3,3.8,9.7,27.2,26.6,,,,
2026-07-23T06:33:33+00:00,203,32.6,26.9,65.1,3.8,9.7,27.1,26.5,,,,
2026-07-23T06:33:55+00:00,204,32.7,26.9,65,3.8,9.7,27,26.4,,,,
2026-07-23T06:34:17+00:00,205,33.6,26.9,64.8,3.8,9.6,26.9,26.3,,,,
2026-07-23T06:34:39+00:00,206,32.6,26.9,64.6,3.8,9.6,26.8,26.2,,,,
2026-07-23T06:35:01+00:00,207,32.4,26.9,64.5,3.8,9.6,26.8,26.2,,,,
2026-07-23T06:35:23+00:00,208,32.4,26.8,64.3,3.8,9.5,26.7,26.1,,,,
2026-07-23T06:35:45+00:00,209,33.6,26.9,64.1,3.7,9.5,26.6,26,,,,
2026-07-23T06:36:07+00:00,210,32.4,26.8,64,3.7,9.5,26.5,25.9,,,,
2026-07-23T06:36:28+00:00,211,31.4,26.8,63.8,3.7,9.4,26.4,25.8,,,,
2026-07-23T06:36:50+00:00,212,32.8,26.8,63.7,3.7,9.4,26.4,25.8,,,,
2026-07-23T06:37:12+00:00,213,32.4,26.8,63.6,3.7,9.4,26.3,25.8,,,,
2026-07-23T06:37:34+00:00,214,32.4,26.8,63.5,3.7,9.4,26.3,25.7,,,,
2026-07-23T06:37:55+00:00,215,32.1,26.8,63.4,3.7,9.3,26.3,25.7,,,,
2026-07-23T06:38:17+00:00,216,32.1,26.8,63.2,3.7,9.3,26.2,25.6,,,,
2026-07-23T06:38:38+00:00,217,31.4,26.8,63.1,3.7,9.3,26.1,25.5,,,,
2026-07-23T06:39:01+00:00,218,32,26.8,63,3.7,9.3,26.1,25.5,,,,
2026-07-23T06:39:22+00:00,219,31.9,26.8,63,3.7,9.3,26.1,25.5,,,,
2026-07-23T06:39:44+00:00,220,31.4,26.8,62.8,3.7,9.2,26,25.4,,,,
2026-07-23T06:40:06+00:00,221,32.1,26.8,62.7,3.7,9.2,25.9,25.3,,,,
2026-07-23T06:40:28+00:00,222,31.9,26.8,62.6,3.7,9.2,25.9,25.3,,,,
2026-07-23T06:40:50+00:00,223,32,26.8,62.4,3.7,9.1,25.8,25.2,,,,
2026-07-23T06:41:12+00:00,224,31.4,26.8,62.3,3.7,9.1,25.7,25.1,,,,
2026-07-23T06:41:34+00:00,225,31,26.8,62.3,3.7,9.1,25.7,25.1,,,,
2026-07-23T06:41:55+00:00,226,30,26.8,57.4,3.8,8.1,23.4,22.7,,,,
2026-07-23T06:42:17+00:00,227,46.2,26.8,57.2,3.7,8,23.3,22.6,,,,
2026-07-23T06:42:39+00:00,228,45.6,27,88.8,3.7,14.6,38.5,38,,,,
2026-07-23T06:43:00+00:00,229,43.4,27,81.3,3.7,13.1,34.9,34.4,,,,
2026-07-23T06:43:22+00:00,230,43.1,27.1,78.2,3.7,12.4,33.4,32.8,,,,
2026-07-23T06:43:44+00:00,231,40.7,27.1,76.2,3.7,12,32.4,31.9,,,,
2026-07-23T06:44:05+00:00,232,39.5,27.1,74.7,3.7,11.7,31.7,31.1,,,,
2026-07-23T06:44:27+00:00,233,39,27.1,73.4,3.7,11.4,31.1,30.5,,,,
2026-07-23T06:44:49+00:00,234,38.2,27.1,72.3,3.7,11.2,30.5,30,,,,
2026-07-23T06:45:11+00:00,235,38.9,27.1,71,3.7,10.9,29.9,29.3,,,,
2026-07-23T06:45:32+00:00,236,39.1,27.1,70.2,3.7,10.8,29.5,29,,,,
2026-07-23T06:45:54+00:00,237,39.1,27.1,69.5,3.7,10.6,29.2,28.6,,,,
2026-07-23T06:46:16+00:00,238,36.4,27.1,68.7,3.7,10.4,28.8,28.2,,,,
2026-07-23T06:46:38+00:00,239,35.4,27.1,68.1,3.7,10.3,28.5,27.9,,,,
2026-07-23T06:47:00+00:00,240,36.8,27.1,67.6,3.7,10.2,28.3,27.7,,,,
2026-07-23T06:47:22+00:00,241,35.4,27.1,67.1,3.7,10.1,28,27.5,,,,
2026-07-23T06:47:44+00:00,242,35.3,27.1,66.5,3.7,10,27.7,27.2,,,,
2026-07-23T06:48:06+00:00,243,34.8,27.1,66.2,3.7,9.9,27.6,27,,,,
2026-07-23T06:48:28+00:00,244,35,27.1,65.8,3.6,9.8,27.4,26.8,,,,
2026-07-23T06:48:49+00:00,245,35.4,27,65.2,3.6,9.7,27.1,26.5,,,,
2026-07-23T06:49:11+00:00,246,35,27.1,64.9,3.6,9.7,27,26.4,,,,
2026-07-23T06:49:33+00:00,247,34.6,27.1,64.5,3.6,9.6,26.8,26.2,,,,
2026-07-23T06:49:55+00:00,248,34.8,27.1,64.1,3.6,9.5,26.6,26,,,,
2026-07-23T06:50:17+00:00,249,34.6,27.1,63.9,3.6,9.4,26.5,25.9,,,,
2026-07-23T06:50:39+00:00,250,33.7,27,63.7,3.6,9.4,26.4,25.8,,,,
2026-07-23T06:51:00+00:00,251,34.8,27.1,63.4,3.6,9.3,26.3,25.7,,,,
2026-07-23T06:51:22+00:00,252,34.2,27,63.1,3.6,9.3,26.1,25.5,,,,
2026-07-23T06:51:43+00:00,253,33.4,27,62.8,3.6,9.2,26,25.4,,,,
2026-07-23T06:52:06+00:00,254,34.4,27,62.5,3.6,9.2,25.8,25.2,,,,
2026-07-23T06:52:28+00:00,255,33.6,27,62.3,3.6,9.1,25.7,25.1,,,,
2026-07-23T06:52:50+00:00,256,32.7,27,62.1,3.6,9.1,25.6,25,,,,
2026-07-23T06:53:12+00:00,257,33.3,27,61.9,3.6,9,25.5,24.9,,,,
2026-07-23T06:53:34+00:00,258,33.6,27,61.6,3.6,9,25.4,24.8,,,,
2026-07-23T06:53:56+00:00,259,33.3,27,61.4,3.6,8.9,25.3,24.7,,,,
2026-07-23T06:54:17+00:00,260,32.9,27,61.2,3.6,8.9,25.2,24.6,,,,
2026-07-23T06:54:40+00:00,261,32.7,27,61.1,3.6,8.9,25.1,24.5,,,,
2026-07-23T06:55:01+00:00,262,32.7,27,60.9,3.6,8.8,25,24.4,,,,
2026-07-23T06:55:23+00:00,263,32.6,27,60.8,3.6,8.8,25,24.4,,,,
2026-07-23T06:55:45+00:00,264,32.6,27,60.6,3.6,8.8,24.9,24.3,,,,
2026-07-23T06:56:07+00:00,265,32.1,27,60.4,3.6,8.7,24.8,24.2,,,,
2026-07-23T06:56:29+00:00,266,32.6,27,60.3,3.6,8.7,24.8,24.1,,,,
2026-07-23T06:56:50+00:00,267,32.2,27,60.1,3.6,8.7,24.7,24,,,,
2026-07-23T06:57:12+00:00,268,32.4,27,60.1,3.6,8.7,24.7,24,,,,
2026-07-23T06:57:34+00:00,269,33.6,27,59.8,3.6,8.6,24.5,23.9,,,,
2026-07-23T06:57:56+00:00,270,32.1,27,59.7,3.6,8.6,24.5,23.9,,,,
2026-07-23T06:58:17+00:00,271,32.4,27,59.5,3.6,8.5,24.4,23.8,,,,
2026-07-23T06:58:40+00:00,272,31.4,27,59.5,3.6,8.5,24.3,23.7,,,,
2026-07-23T06:59:01+00:00,273,31.4,27,59.3,3.6,8.5,24.3,23.7,,,,
2026-07-23T06:59:24+00:00,274,31.9,26.9,59.1,3.6,8.4,24.2,23.6,,,,
2026-07-23T06:59:46+00:00,275,31.3,27,59,3.6,8.4,24.1,23.5,,,,
2026-07-23T07:00:08+00:00,276,31.6,26.9,58.9,3.6,8.4,24.1,23.5,,,,
2026-07-23T07:00:30+00:00,277,28.1,27,52.7,3.6,7.1,21.1,20.5,,,,
2026-07-23T07:00:51+00:00,278,29.2,27,52.1,3.7,7,20.8,20.2,,,,
2026-07-23T07:01:13+00:00,279,47.3,27.8,93.5,3.9,15.6,40.8,40.3,,,,
2026-07-23T07:01:35+00:00,280,44.7,27.7,81.8,3.8,13.2,35.1,34.6,,,,
2026-07-23T07:01:56+00:00,281,44.7,27.6,77.5,3.7,12.3,33.1,32.5,,,,
2026-07-23T07:02:18+00:00,282,42.1,27.6,74.9,3.7,11.7,31.8,31.2,,,,
2026-07-23T07:02:39+00:00,283,41.7,27.5,72.5,3.7,11.2,30.6,30.1,,,,
2026-07-23T07:03:01+00:00,284,39.1,27.5,69.7,3.7,10.7,29.3,28.7,,,,
2026-07-23T07:03:23+00:00,285,39.1,27.5,68.3,3.7,10.4,28.6,28,,,,
2026-07-23T07:03:44+00:00,286,39,27.4,67.2,3.6,10.1,28.1,27.5,,,,
2026-07-23T07:04:06+00:00,287,38.3,27.4,66.2,3.6,9.9,27.6,27,,,,
2026-07-23T07:04:28+00:00,288,36.8,27.4,65.2,3.6,9.7,27.1,26.5,,,,
2026-07-23T07:04:49+00:00,289,36.5,27.3,64.5,3.6,9.6,26.8,26.2,,,,
2026-07-23T07:05:12+00:00,290,36.9,27.4,64.1,3.6,9.5,26.6,26,,,,
2026-07-23T07:05:33+00:00,291,36.6,27.3,63.4,3.7,9.3,26.3,25.7,,,,
2026-07-23T07:05:56+00:00,292,37.1,27.3,62.9,3.7,9.2,26,25.4,,,,
2026-07-23T07:06:18+00:00,293,36.3,27.3,62.4,3.7,9.1,25.8,25.2,,,,
2026-07-23T07:06:40+00:00,294,35.4,27.3,62,3.7,9,25.6,25,,,,
2026-07-23T07:07:01+00:00,295,35.7,27.3,61.7,3.7,9,25.4,24.8,,,,
2026-07-23T07:07:25+00:00,296,34.6,27.3,61.2,3.7,8.9,25.2,24.6,,,,
2026-07-23T07:07:47+00:00,297,34.6,27.3,61,3.7,8.8,25.1,24.5,,,,
2026-07-23T07:08:09+00:00,298,34.6,27.2,60.8,3.7,8.8,24.9,24.3,,,,
2026-07-23T07:08:32+00:00,299,34.6,27.2,60.4,3.7,8.7,24.8,24.2,,,,
2026-07-23T07:08:54+00:00,300,34,27.3,60.1,3.7,8.7,24.7,24,,,,
2026-07-23T07:09:15+00:00,301,34.1,27.2,60,3.7,8.6,24.6,24,,,,
2026-07-23T07:09:37+00:00,302,34.1,27.2,59.7,3.7,8.6,24.5,23.9,,,,
2026-07-23T07:09:58+00:00,303,35,27.3,59.5,3.7,8.5,24.4,23.8,,,,
2026-07-23T07:10:20+00:00,304,34.1,27.3,59.3,3.7,8.5,24.3,23.7,,,,
2026-07-23T07:10:42+00:00,305,33.4,27.2,59,3.7,8.4,24.1,23.5,,,,
2026-07-23T07:11:04+00:00,306,33.6,27.2,58.8,3.7,8.4,24,23.4,,,,
2026-07-23T07:11:26+00:00,307,32.6,27.2,58.6,3.7,8.3,23.9,23.3,,,,
2026-07-23T07:11:48+00:00,308,33.8,27.2,58.5,3.7,8.3,23.9,23.3,,,,
2026-07-23T07:12:10+00:00,309,32.7,27.1,58.3,3.7,8.3,23.8,23.2,,,,
2026-07-23T07:12:31+00:00,310,33.3,27.2,58.1,3.7,8.2,23.7,23.1,,,,
2026-07-23T07:12:53+00:00,311,32.6,27.2,58,3.7,8.2,23.6,23,,,,
2026-07-23T07:13:15+00:00,312,32.7,27.2,57.8,3.7,8.2,23.6,22.9,,,,
2026-07-23T07:13:37+00:00,313,33.6,27.2,57.7,3.7,8.1,23.5,22.9,,,,
2026-07-23T07:13:59+00:00,314,32.9,27.2,57.6,3.7,8.1,23.5,22.8,,,,
2026-07-23T07:14:20+00:00,315,32.6,27.2,57.4,3.7,8.1,23.4,22.7,,,,
2026-07-23T07:14:42+00:00,316,32.4,27.2,57.2,3.7,8,23.3,22.6,,,,
2026-07-23T07:15:05+00:00,317,32.4,27.2,57.2,3.7,8,23.3,22.6,,,,
2026-07-23T07:15:27+00:00,318,32.8,27.2,57,3.7,8,23.2,22.5,,,,
2026-07-23T07:15:48+00:00,319,33.6,27.2,56.9,3.7,8,23.1,22.5,,,,
2026-07-23T07:16:11+00:00,320,32.4,27.2,56.8,3.6,8,23.1,22.4,,,,
2026-07-23T07:16:32+00:00,321,31.9,27.2,56.6,3.7,7.9,23,22.3,,,,
2026-07-23T07:16:54+00:00,322,32.7,27.2,56.6,3.6,7.9,23,22.3,,,,
2026-07-23T07:17:16+00:00,323,32.4,27.2,56.4,3.6,7.9,22.9,22.3,,,,
2026-07-23T07:17:38+00:00,324,32,27.2,56.4,3.6,7.9,22.9,22.3,,,,
2026-07-23T07:18:00+00:00,325,32.6,27.2,56.3,3.6,7.9,22.8,22.2,,,,
2026-07-23T07:18:23+00:00,326,32.4,27.2,56.2,3.6,7.8,22.8,22.2,,,,
2026-07-23T07:18:45+00:00,327,32,27.2,56.1,3.6,7.8,22.7,22.1,,,,
2026-07-23T07:19:07+00:00,328,32.2,27.2,55.9,3.6,7.8,22.6,22,,,,
2026-07-23T07:19:29+00:00,329,32.3,27.2,55.8,3.6,7.8,22.6,22,,,,
2026-07-23T07:19:50+00:00,330,6.5,25.7,17.4,5.3,0,4.1,3.3,,,,
2026-07-23T07:20:12+00:00,331,2.6,25.1,0,7.9,0,0,0,,,,
2026-07-23T07:20:34+00:00,332,0,27.8,0,7.2,0,0,0,,,,
2026-07-23T07:20:56+00:00,333,0,25.5,0,9,0,0,0,,,,
2026-07-23T07:21:18+00:00,334,0,25.3,0,9,0,0,0,,,,
2026-07-23T07:21:40+00:00,335,0,26.1,0,9,0,0,0,,,,
2026-07-23T07:22:01+00:00,336,2.8,27.6,0,9,0,0,0,,,,
2026-07-23T07:22:23+00:00,337,0,29.7,0,9,0,0,0,,,,
2026-07-23T07:22:44+00:00,338,0,30.7,0,9,0,0,0,,,,
2026-07-23T07:23:07+00:00,339,0,31.7,0,9,0,0,0,,,,
2026-07-23T07:23:28+00:00,340,0,31.9,0,9,0,0,0,,,,
2026-07-23T07:23:50+00:00,341,42.2,27.1,87.2,7.7,14.3,37.7,37.2,,,,
2026-07-23T07:24:11+00:00,342,42,26.9,87.1,7,14.3,37.7,37.2,,,,
2026-07-23T07:24:33+00:00,343,40,26.8,86.3,6.8,14.1,37.3,36.8,,,,
2026-07-23T07:24:54+00:00,344,40.4,26.8,86.3,6.6,14.1,37.3,36.8,,,,
2026-07-23T07:25:17+00:00,345,41.7,26.8,86.3,6.4,14.1,37.3,36.8,,,,
2026-07-23T07:25:38+00:00,346,41.6,26.8,86.3,6.3,14.1,37.3,36.8,,,,
2026-07-23T07:26:00+00:00,347,40.8,26.8,86.3,6.1,14.1,37.3,36.8,,,,
2026-07-23T07:26:21+00:00,348,40.1,26.8,86.2,5.9,14.1,37.2,36.7,,,,
2026-07-23T07:26:43+00:00,349,41,26.8,86.2,5.8,14.1,37.2,36.7,,,,
2026-07-23T07:27:05+00:00,350,40.1,26.8,86.2,5.8,14.1,37.2,36.7,,,,
2026-07-23T07:27:26+00:00,351,41.3,26.9,86.3,5.8,14.1,37.3,36.8,,,,
2026-07-23T07:27:48+00:00,352,41,26.8,86.2,5.7,14.1,37.2,36.7,,,,
2026-07-23T07:28:10+00:00,353,41,26.8,86.1,5.6,14.1,37.2,36.7,,,,
2026-07-23T07:28:32+00:00,354,42.1,26.8,86.1,5.6,14.1,37.2,36.7,,,,
2026-07-23T07:28:53+00:00,355,41.5,26.8,86,5.5,14.1,37.2,36.6,,,,
2026-07-23T07:29:15+00:00,356,41.7,26.8,86.1,5.4,14.1,37.2,36.7,,,,
2026-07-23T07:29:37+00:00,357,40.8,26.8,86,5.4,14.1,37.2,36.6,,,,
2026-07-23T07:29:58+00:00,358,41.9,26.8,86.1,5.3,14.1,37.2,36.7,,,,
2026-07-23T07:30:20+00:00,359,42.3,26.8,85.9,5.3,14,37.1,36.6,,,,
2026-07-23T07:30:42+00:00,360,41,26.8,85.9,5.2,14,37.1,36.6,,,,
2026-07-23T07:31:04+00:00,361,40,26.9,85.9,5.2,14,37.1,36.6,,,,
2026-07-23T07:31:26+00:00,362,41.3,26.8,85.9,5.1,14,37.1,36.6,,,,
2026-07-23T07:31:48+00:00,363,40.7,26.9,85.8,5.1,14,37.1,36.5,,,,
2026-07-23T07:32:10+00:00,364,40.9,26.8,85.8,5.1,14,37.1,36.5,,,,
2026-07-23T07:32:31+00:00,365,39.5,26.9,85.8,5,14,37.1,36.5,,,,
2026-07-23T07:32:53+00:00,366,39.5,26.9,85.8,5,14,37.1,36.5,,,,
2026-07-23T07:33:15+00:00,367,40.4,26.9,85.8,4.9,14,37.1,36.5,,,,
2026-07-23T07:33:37+00:00,368,40,26.9,85.8,4.9,14,37.1,36.5,,,,
2026-07-23T07:33:59+00:00,369,40,26.9,85.7,4.9,14,37,36.5,,,,
2026-07-23T07:34:21+00:00,370,40.1,26.9,85.7,4.9,14,37,36.5,,,,
2026-07-23T07:34:43+00:00,371,40.5,26.8,85.7,4.8,14,37,36.5,,,,
2026-07-23T07:35:06+00:00,372,41.3,26.9,85.5,4.8,14,36.9,36.4,,,,
2026-07-23T07:35:28+00:00,373,40,26.9,85.5,4.8,14,36.9,36.4,,,,
2026-07-23T07:35:50+00:00,374,41.3,26.9,85.6,4.7,14,37,36.4,,,,
2026-07-23T07:36:14+00:00,375,40,26.8,85.7,4.7,14,37,36.5,,,,
2026-07-23T07:36:36+00:00,376,40.7,26.9,85.5,4.7,14,36.9,36.4,,,,
2026-07-23T07:36:57+00:00,377,40.8,26.9,85.4,4.7,13.9,36.9,36.3,,,,
2026-07-23T07:37:19+00:00,378,40.9,26.9,85.4,4.7,13.9,36.9,36.3,,,,
2026-07-23T07:37:41+00:00,379,41.8,26.9,85.5,4.6,14,36.9,36.4,,,,
2026-07-23T07:38:02+00:00,380,41.5,26.9,85.5,4.6,14,36.9,36.4,,,,
2026-07-23T07:38:24+00:00,381,40,26.9,85.5,4.6,14,36.9,36.4,,,,
2026-07-23T07:38:46+00:00,382,40,26.9,85.4,4.6,13.9,36.9,36.3,,,,
2026-07-23T07:39:08+00:00,383,41.6,26.9,85.4,4.6,13.9,36.9,36.3,,,,
2026-07-23T07:39:30+00:00,384,39.5,26.9,85.4,4.6,13.9,36.9,36.3,,,,
2026-07-23T07:39:51+00:00,385,39.4,26.9,85.5,4.5,14,36.9,36.4,,,,
2026-07-23T07:40:13+00:00,386,39.5,26.9,85.4,4.5,13.9,36.9,36.3,,,,
2026-07-23T07:40:36+00:00,387,40,26.9,85.4,4.5,13.9,36.9,36.3,,,,
2026-07-23T07:40:57+00:00,388,40.4,26.9,85.4,4.5,13.9,36.9,36.3,,,,
2026-07-23T07:41:19+00:00,389,89.6,26.7,18,6.5,0,4.4,3.6,,,,
2026-07-23T07:41:41+00:00,390,80,28.2,18,7.9,0,4.4,3.6,,,,
2026-07-23T07:42:04+00:00,391,0,28.1,0,8.2,0,0,0,,,,
2026-07-23T07:42:28+00:00,392,5.7,29.2,0,9,0,0,0,,,,
2026-07-23T07:42:50+00:00,393,2,30.7,0,9,0,0,0,,,,
2026-07-23T07:43:14+00:00,394,2.6,30.7,0,8.9,0,0,0,,,,
2026-07-23T07:43:36+00:00,395,2.3,30.7,0,8.7,0,0,0,,,,
2026-07-23T07:43:59+00:00,396,0,30.8,0,8.3,0,0,0,,,,
2026-07-23T07:44:48+00:00,397,81,32.2,222,7.7,42.4,102.7,102.8,,,,
2026-07-23T07:45:10+00:00,398,83.5,32.2,222.4,7.6,42.5,102.9,103,,,,
2026-07-23T07:45:31+00:00,399,81.7,32.2,222.4,7.5,42.5,102.8,102.8,,,,
2026-07-23T07:45:53+00:00,400,82.3,32.2,222,7.4,42.4,102.7,102.8,,,,
2026-07-23T07:46:15+00:00,401,84,32.1,221.4,7.4,42.3,102.5,102.5,,,,
2026-07-23T07:46:37+00:00,402,81.4,32.1,221.7,7.3,42.4,102.6,102.6,,,,
2026-07-23T07:46:58+00:00,403,82.3,32.1,221.4,7.3,42.3,102.5,102.5,,,,
2026-07-23T07:47:20+00:00,404,81,32.1,221.7,7.2,42.4,102.6,102.6,,,,
2026-07-23T07:47:42+00:00,405,84.6,32.1,221.4,7.2,42.3,102.5,102.5,,,,
2026-07-23T07:48:03+00:00,406,81.4,32,221.4,7.1,42.3,102.5,102.5,,,,
2026-07-23T07:48:25+00:00,407,82.3,32,221.7,7.1,42.3,102.5,102.5,,,,
2026-07-23T07:48:46+00:00,408,82.5,32,221.4,7.1,42.3,102.5,102.5,,,,
2026-07-23T07:49:08+00:00,409,82.5,31.9,221.4,7,42.3,102.5,102.5,,,,
2026-07-23T07:49:30+00:00,410,84,31.9,220.8,7,42.2,102.2,102.2,,,,
2026-07-23T07:49:51+00:00,411,84.4,31.9,221.4,7,42.3,102.5,102.5,,,,
2026-07-23T07:50:13+00:00,412,84.6,31.9,221.4,7,42.3,102.5,102.5,,,,
2026-07-23T07:50:34+00:00,413,82.5,31.9,220.8,6.9,42.2,102.2,102.2,,,,
2026-07-23T07:50:56+00:00,414,81,31.9,221.1,6.9,42.3,102.3,102.3,,,,
2026-07-23T07:51:18+00:00,415,81,31.8,220.4,6.9,42.1,102,102,,,,
2026-07-23T07:51:39+00:00,416,82.3,31.8,220.7,6.8,42.2,102.1,102.1,,,,
2026-07-23T07:52:01+00:00,417,84.6,31.8,221.1,6.8,42.3,102.3,102.3,,,,
2026-07-23T07:52:23+00:00,418,84.4,31.8,220.8,6.8,42.2,102.2,102.2,,,,
2026-07-23T07:52:44+00:00,419,84.4,31.8,221.1,6.7,42.3,102.3,102.3,,,,
2026-07-23T07:53:06+00:00,420,85,31.8,220.7,6.7,42.2,102.1,102.1,,,,
2026-07-23T07:53:28+00:00,421,81.4,31.8,220.4,6.7,42.1,102,102,,,,
2026-07-23T07:53:49+00:00,422,84.4,31.8,220.7,6.6,42.2,102.1,102.1,,,,
2026-07-23T07:54:11+00:00,423,86,31.8,220.1,6.6,42,101.8,101.8,,,,
2026-07-23T07:54:33+00:00,424,82.5,31.7,219.8,6.6,42,101.7,101.7,,,,
2026-07-23T07:54:54+00:00,425,85,31.8,220.4,6.5,42.1,102,102.2,,,,
2026-07-23T07:55:16+00:00,426,84,31.7,220.4,6.5,42.1,101.8,101.8,,,,
2026-07-23T07:55:38+00:00,427,84.6,31.7,220.1,6.5,42.2,102.1,102.1,,,,
2026-07-23T07:55:59+00:00,428,84,31.7,219.8,6.5,42,101.7,101.7,,,,
2026-07-23T07:56:21+00:00,429,84.4,31.6,219.8,6.5,42,101.7,101.7,,,,
2026-07-23T07:56:43+00:00,430,86.5,31.6,219.8,6.4,42,101.7,101.7,,,,
2026-07-23T07:57:04+00:00,431,84,31.6,220.8,6.4,42.2,102.2,102.2,,,,
2026-07-23T07:57:26+00:00,432,84.8,31.5,219.8,6.4,42,101.7,101.7,,,,
2026-07-23T07:57:48+00:00,433,84.8,31.6,219.5,6.4,41.9,101.5,101.5,,,,
2026-07-23T07:58:09+00:00,434,82.3,31.6,219.8,6.4,42,101.7,101.7,,,,
2026-07-23T07:58:31+00:00,435,82.5,31.5,219.5,6.3,41.9,101.5,101.5,,,,
2026-07-23T07:58:52+00:00,436,84,31.6,219.2,6.3,41.9,101.4,101.4,,,,
2026-07-23T07:59:14+00:00,437,86.5,31.5,218.9,6.3,41.8,101.2,101.3,,,,
2026-07-23T07:59:36+00:00,438,84,31.6,219.2,6.3,41.9,101.4,101.4,,,,
2026-07-23T07:59:58+00:00,439,82.3,31.5,219.5,6.3,41.9,101.5,101.5,,,,
2026-07-23T09:32:07+00:00,440,0,0,0,0,0,0,0,,,,
2026-07-23T09:32:28+00:00,441,10.9,30.4,0,8.7,0,0,0,,,,
2026-07-23T09:32:49+00:00,442,9,30.3,0,8.6,0,0,0,,,,
2026-07-23T09:33:11+00:00,443,9.1,30.4,0,9,0,0,0,,,,
2026-07-23T09:35:36+00:00,444,10,30.3,14.2,7.1,0,2.5,1.7,,,,
2026-07-23T09:35:58+00:00,445,9,30.3,14.2,8.4,0,2.5,1.7,,,,
2026-07-23T09:36:20+00:00,446,9,30.3,14.2,8.4,0,2.5,1.7,,,,
2026-07-23T09:36:42+00:00,447,9.2,30.3,14.2,8.4,0,2.5,1.7,,,,
2026-07-23T09:37:03+00:00,448,10.5,30.3,14.2,6.9,0,2.5,1.7,,,,
2026-07-23T09:37:37+00:00,449,9.8,30.3,14.2,5,0,2.5,1.7,,,,
2026-07-23T09:37:59+00:00,450,9.8,30.3,14.2,6.9,0,2.5,1.7,,,,
2026-07-23T09:38:32+00:00,451,10.4,30.3,14.2,7,0,2.5,1.7,,,,
2026-07-23T09:38:54+00:00,452,10,30.3,14.2,7,0,2.5,1.7,,,,
2026-07-23T09:39:18+00:00,453,9.5,30.3,14.2,7,0,2.5,1.7,,,,
2026-07-23T09:39:39+00:00,454,10.3,30.3,14.2,7,0,2.5,1.7,,,,
2026-07-23T09:40:01+00:00,455,9.8,30.3,14.2,7,0,2.5,1.7,,,,
2026-07-23T09:40:23+00:00,456,10,30.3,14.2,7,0,2.5,1.7,,,,
2026-07-23T09:40:45+00:00,457,10.2,30.3,14.2,7,0,2.5,1.7,,,,
2026-07-23T09:41:06+00:00,458,9.9,30.3,14.2,7,0,2.5,1.7,,,,
2026-07-23T09:41:28+00:00,459,10.5,30.3,14.2,7.1,0,2.5,1.7,,,,
2026-07-23T09:41:50+00:00,460,9.7,30.3,14.2,7.1,0,2.5,1.7,,,,
2026-07-23T09:42:11+00:00,461,10.6,30.3,14.2,7.1,0,2.5,1.7,,,,
2026-07-23T09:42:33+00:00,462,10.2,30.3,14.2,7.1,0,2.5,1.7,,,,
2026-07-23T09:42:55+00:00,463,9.3,30.3,14.2,7.1,0,2.5,1.7,,,,
2026-07-23T09:43:17+00:00,464,9.4,30.3,14.2,7.1,0,2.5,1.7,,,,
2026-07-23T09:43:38+00:00,465,10,30.3,14.2,7.1,0,2.5,1.7,,,,
2026-07-23T09:44:00+00:00,466,9.9,30.3,14.2,7.1,0,2.5,1.7,,,,
2026-07-23T09:44:21+00:00,467,10.9,30.3,14.2,7.1,0,2.5,1.7,,,,
2026-07-23T09:44:43+00:00,468,9.1,30.3,14.2,7.1,0,2.5,1.7,,,,
2026-07-23T09:45:06+00:00,469,10.3,30.3,14.2,7.1,0,2.5,1.7,,,,
2026-07-23T09:45:28+00:00,470,9.1,30.2,14.2,7.1,0,2.5,1.7,,,,
2026-07-23T09:45:51+00:00,471,10,30.3,14.2,7.1,0,2.5,1.7,,,,
2026-07-23T09:46:12+00:00,472,9.8,30.3,14.2,7.1,0,2.5,1.7,,,,
2026-07-23T09:46:37+00:00,473,10,30.3,14.2,7.1,0,2.5,1.7,,,,
2026-07-23T09:46:59+00:00,474,9.4,30.3,14.2,7.1,0,2.5,1.7,,,,
2026-07-23T09:47:21+00:00,475,9.4,30.3,14.2,7.2,0,2.5,1.7,,,,
2026-07-23T09:47:46+00:00,476,9.6,30.3,14.2,7.2,0,2.5,1.7,,,,
2026-07-23T09:48:09+00:00,477,9.8,30.3,14.2,7.2,0,2.5,1.7,,,,
2026-07-23T09:48:30+00:00,478,9.2,30.3,14.2,7.2,0,2.5,1.7,,,,
2026-07-23T09:48:52+00:00,479,9.7,30.3,14.2,7.2,0,2.5,1.7,,,,
2026-07-23T09:49:14+00:00,480,9.4,30.3,14.2,7.2,0,2.5,1.7,,,,
2026-07-23T09:49:36+00:00,481,9.8,30.3,14.2,7.2,0,2.5,1.7,,,,
2026-07-23T09:49:57+00:00,482,9.1,30.3,14.2,7.2,0,2.5,1.7,,,,
2026-07-23T09:50:20+00:00,483,10.3,30.3,14.2,7.2,0,2.5,1.7,,,,
2026-07-23T09:50:41+00:00,484,0,31.6,0,9,0,0,0,,,,
2026-07-23T09:51:03+00:00,485,0,31.3,0,8.6,0,0,0,,,,
2026-07-23T09:51:24+00:00,486,21.3,30.4,14.3,8.7,0,2.6,1.8,,,,
2026-07-23T09:51:46+00:00,487,44.1,31,20.3,7.3,0.3,5.5,4.7,,,,
2026-07-23T09:52:08+00:00,488,42,31,20.2,7.1,0.3,5.4,4.6,,,,
2026-07-23T09:52:29+00:00,489,43.7,31,20.7,6.8,0.4,5.7,4.9,,,,
2026-07-23T09:52:51+00:00,490,43.5,31,20.7,6.7,0.4,5.7,4.9,,,,
2026-07-23T09:53:13+00:00,491,43.5,31,20.6,6.5,0.4,5.6,4.8,,,,
2026-07-23T09:53:35+00:00,492,40,31,20.4,6.1,0.4,5.5,4.7,,,,
2026-07-23T09:53:56+00:00,493,50.1,31,22.9,5.6,0.9,6.7,6,,,,
2026-07-23T09:54:18+00:00,494,47.3,30.9,21.7,5.3,0.6,6.1,5.4,,,,
2026-07-23T09:54:40+00:00,495,50.5,31,23,5.3,0.9,6.8,6,,,,
2026-07-23T09:55:02+00:00,496,50.7,31,23,5.9,0.9,6.8,6,,,,
2026-07-23T09:55:24+00:00,497,49.7,31,23,6,0.9,6.8,6,,,,
2026-07-23T09:55:46+00:00,498,48.9,31,23,6,0.9,6.8,6,,,,
2026-07-23T09:56:07+00:00,499,51.4,30.8,23,6,0.9,6.8,6,,,,
2026-07-23T09:56:29+00:00,500,49.7,31,23.1,5.9,0.9,6.8,6.1,,,,
2026-07-23T09:56:51+00:00,501,50.7,31,23.1,5.9,0.9,6.8,6.1,,,,
2026-07-23T09:57:12+00:00,502,52.8,31,23,5.9,0.9,6.8,6,,,,
2026-07-23T09:57:34+00:00,503,49.7,31,23.1,5.9,0.9,6.8,6.1,,,,
2026-07-23T09:57:55+00:00,504,51.6,31,23.1,5.8,0.9,6.8,6.1,,,,
2026-07-23T09:58:17+00:00,505,48.9,31,23.1,5.8,0.9,6.8,6.1,,,,
2026-07-23T09:58:38+00:00,506,52.4,31,23.1,5.7,0.9,6.8,6.1,,,,
2026-07-23T09:59:00+00:00,507,48.9,31,23.1,5.7,0.9,6.8,6.1,,,,
2026-07-23T09:59:22+00:00,508,50.5,31,23.1,5.6,0.9,6.8,6.1,,,,
2026-07-23T09:59:44+00:00,509,51.4,31,23.1,5.6,0.9,6.8,6.1,,,,
2026-07-23T10:00:06+00:00,510,49.5,31,23.1,5.6,0.9,6.8,6.1,,,,
2026-07-23T10:00:27+00:00,511,50.1,30.9,23.1,5.6,0.9,6.8,6.1,,,,
2026-07-23T10:00:49+00:00,512,49.7,31,23.1,5.6,0.9,6.8,6.1,,,,
2026-07-23T10:01:12+00:00,513,53,31,23.1,5.5,0.9,6.8,6.1,,,,
2026-07-23T10:01:33+00:00,514,50.1,31,23.1,5.5,0.9,6.8,6.1,,,,
2026-07-23T10:01:55+00:00,515,50.5,31,23.1,5.5,0.9,6.8,6.1,,,,
2026-07-23T10:02:16+00:00,516,50.5,31,23.1,5.5,0.9,6.8,6.1,,,,
2026-07-23T10:02:38+00:00,517,50.5,31,23.1,5.5,0.9,6.8,6.1,,,,
2026-07-23T10:02:59+00:00,518,49.7,31,23.1,5.5,0.9,6.8,6.1,,,,
2026-07-23T10:03:21+00:00,519,48.9,31,23.1,5.5,0.9,6.8,6.1,,,,
2026-07-23T10:03:43+00:00,520,48.9,31,23.1,5.5,0.9,6.8,6.1,,,,
2026-07-23T10:04:04+00:00,521,48.9,31,23.1,5.5,0.9,6.8,6.1,,,,
2026-07-23T10:04:26+00:00,522,51.6,31,23.1,5.5,0.9,6.8,6.1,,,,
2026-07-23T10:04:48+00:00,523,50.1,31,23.1,5.5,0.9,6.8,6.1,,,,
2026-07-23T10:05:09+00:00,524,50.7,31,23.1,5.5,0.9,6.8,6.1,,,,
2026-07-23T10:05:32+00:00,525,50.5,31,23.2,5.5,0.9,6.9,6.1,,,,
2026-07-23T10:05:54+00:00,526,50.1,31,23.2,5.5,0.9,6.9,6.1,,,,
2026-07-23T10:06:15+00:00,527,50.5,31,23.2,5.4,0.9,6.9,6.1,,,,
2026-07-23T10:06:37+00:00,528,52.8,30.9,23.2,5.4,0.9,6.9,6.1,,,,
2026-07-23T10:06:58+00:00,529,48.9,30.9,23.2,5.4,0.9,6.9,6.1,,,,
2026-07-23T10:07:20+00:00,530,51.4,31,23.2,5.4,0.9,6.9,6.1,,,,
2026-07-23T10:07:42+00:00,531,51.2,30.9,23.2,5.3,0.9,6.9,6.1,,,,
2026-07-23T10:11:37+00:00,532,38.3,28.7,24.3,5,1.2,7.4,6.6,,,,
2026-07-23T10:11:59+00:00,533,0,0,0,0,0,0,0,,,,
2026-07-23T10:12:55+00:00,534,0,0,0,0,0,0,0,,,,
2026-07-23T10:13:24+00:00,535,37.9,28.6,24.3,6.2,1.2,7.4,6.6,,,,
2026-07-23T10:13:47+00:00,536,45.8,28.3,24.4,7.7,1.2,7.4,6.7,,,,
2026-07-23T10:14:08+00:00,537,45.3,28.2,23.3,7.7,1,6.9,6.2,,,,
2026-07-23T10:14:29+00:00,538,45.3,28.2,23.3,7.3,1,6.9,6.2,,,,
2026-07-23T10:14:51+00:00,539,44.7,28.3,23.3,7.2,1,6.9,6.2,,,,
2026-07-23T10:15:13+00:00,540,45.9,28.2,23.3,7.1,1,6.9,6.2,,,,
2026-07-23T10:15:34+00:00,541,46.1,28.3,23.3,7,1,6.9,6.2,,,,
2026-07-23T10:15:55+00:00,542,44.7,28.3,23.4,7,1,7,6.2,,,,
2026-07-23T10:16:19+00:00,543,44.5,28.3,23.4,6.9,1,7,6.2,,,,
2026-07-23T10:16:43+00:00,544,44.8,28.3,23.3,6.8,1,6.9,6.2,,,,
2026-07-23T10:17:04+00:00,545,45.3,28.3,23.4,6.8,1,7,6.2,,,,
2026-07-23T10:17:26+00:00,546,44.8,28.2,23.4,6.7,1,7,6.2,,,,
2026-07-23T10:17:48+00:00,547,44.8,28.3,23.4,6.7,1,7,6.2,,,,
2026-07-23T10:18:11+00:00,548,47.2,28.3,23.4,6.7,1,7,6.2,,,,
2026-07-23T10:18:33+00:00,549,44.8,28.3,23.4,6.6,1,7,6.2,,,,
2026-07-23T10:18:54+00:00,550,44.8,28.3,23.4,6.6,1,7,6.2,,,,
2026-07-23T10:19:16+00:00,551,44.8,28.2,23.4,6.6,1,7,6.2,,,,
2026-07-23T10:19:37+00:00,552,45.7,28.3,23.4,6.5,1,7,6.2,,,,
2026-07-23T10:19:59+00:00,553,44.8,28.3,23.4,6.5,1,7,6.2,,,,
2026-07-23T10:20:20+00:00,554,44.7,28.2,23.4,6.5,1,7,6.2,,,,
2026-07-23T10:20:42+00:00,555,45.7,28.3,23.4,6.5,1,7,6.2,,,,
2026-07-23T10:21:04+00:00,556,44.7,28.3,23.3,6.5,1,6.9,6.2,,,,
2026-07-23T10:21:26+00:00,557,44.8,28.3,23.4,6.4,1,7,6.2,,,,
2026-07-23T10:21:49+00:00,558,46.7,28.3,23.4,6.4,1,7,6.2,,,,
2026-07-23T10:22:10+00:00,559,44.8,28.3,23.4,6.4,1,7,6.2,,,,
2026-07-23T10:22:32+00:00,560,45.3,28.3,23.4,6.4,1,7,6.2,,,,
2026-07-23T10:22:53+00:00,561,45.2,28.3,23.4,6.4,1,7,6.2,,,,
2026-07-23T10:23:15+00:00,562,45.3,28.2,23.4,6.4,1,7,6.2,,,,
2026-07-23T10:23:36+00:00,563,44.8,28.2,23.3,6.4,1,6.9,6.2,,,,
2026-07-23T10:23:59+00:00,564,45.6,28.3,23.3,6.4,1,6.9,6.2,,,,
2026-07-23T10:24:20+00:00,565,44.7,28.3,23.3,6.3,1,6.9,6.2,,,,
2026-07-23T10:24:43+00:00,566,47.2,28.3,23.3,6.3,1,6.9,6.2,,,,
2026-07-23T10:25:05+00:00,567,46.1,28.2,23.3,6.3,1,6.9,6.2,,,,
2026-07-23T10:25:26+00:00,568,46.6,28.3,23.3,6.3,1,6.9,6.2,,,,
2026-07-23T10:25:48+00:00,569,44.8,28.3,23.4,6.4,1,7,6.2,,,,
2026-07-23T10:26:10+00:00,570,45.2,28.2,23.3,6.3,1,6.9,6.2,,,,
2026-07-23T10:26:31+00:00,571,45.3,28.2,23.3,6.3,1,6.9,6.2,,,,
2026-07-23T10:26:53+00:00,572,46.8,28.2,23.4,6.3,1,7,6.2,,,,
2026-07-23T10:27:16+00:00,573,46.7,28.2,23.3,6.3,1,6.9,6.2,,,,
2026-07-23T10:27:38+00:00,574,46.1,28.3,23.3,6.4,1,6.9,6.2,,,,
2026-07-23T10:27:59+00:00,575,44.8,28.2,23.3,6.4,1,6.9,6.2,,,,
2026-07-23T10:28:21+00:00,576,45.3,28.3,23.3,6.4,1,6.9,6.2,,,,
2026-07-23T10:28:42+00:00,577,44.8,28.3,23.3,6.4,1,6.9,6.2,,,,
2026-07-23T10:29:04+00:00,578,44.7,28.2,23.3,6.4,1,6.9,6.2,,,,
2026-07-23T10:29:26+00:00,579,46.8,28.2,23.3,6.4,1,6.9,6.2,,,,
2026-07-23T10:29:47+00:00,580,46.1,28.2,23.3,6.4,1,6.9,6.2,,,,
2026-07-23T10:30:10+00:00,581,45,28.2,23.3,6.4,1,6.9,6.2,,,,
2026-07-23T10:30:33+00:00,582,46.1,28.2,23.3,6.4,1,6.9,6.2,,,,
2026-07-23T10:30:55+00:00,583,53,28.2,30.3,6.3,2.4,10.3,9.6,,,,
2026-07-23T10:31:16+00:00,584,53.9,28.2,30.2,6.4,2.4,10.2,9.5,,,,
2026-07-23T10:31:38+00:00,585,50.1,28.3,30,6.4,2.4,10.1,9.4,,,,
2026-07-23T10:31:59+00:00,586,50.5,28.2,29.9,6.4,2.3,10.1,9.4,,,,
2026-07-23T10:32:22+00:00,587,49.9,28.2,29.7,6.4,2.3,10,9.3,,,,
2026-07-23T10:32:44+00:00,588,50.1,28.2,29.6,6.5,2.3,9.9,9.2,,,,
2026-07-23T10:33:06+00:00,589,52.4,28.2,29.6,6.5,2.3,9.9,9.2,,,,
2026-07-23T10:33:29+00:00,590,49.9,28.2,29.5,6.5,2.3,9.9,9.2,,,,
2026-07-23T10:33:52+00:00,591,54.5,28.3,29.5,7.1,2.3,9.9,9.2,,,,
2026-07-23T10:34:14+00:00,592,50.5,28.4,31.5,7.9,2.7,10.9,10.1,,,,
2026-07-23T10:34:36+00:00,593,50.5,28.4,31.5,7.4,2.7,10.9,10.1,,,,
2026-07-23T10:34:58+00:00,594,50.5,28.4,31.5,7.2,2.7,10.9,10.1,,,,
2026-07-23T10:35:19+00:00,595,50.5,28.4,31.5,7,2.7,10.9,10.1,,,,
2026-07-23T10:35:41+00:00,596,54.9,28.4,31.5,6.9,2.7,10.9,10.1,,,,
2026-07-23T10:36:03+00:00,597,52.6,28.4,31.4,6.8,2.7,10.8,10.1,,,,
2026-07-23T10:36:24+00:00,598,52.8,28.4,31.5,6.7,2.7,10.9,10.1,,,,
2026-07-23T10:36:46+00:00,599,51.6,28.4,31.5,6.6,2.7,10.9,10.1,,,,
2026-07-23T10:37:07+00:00,600,49.9,28.4,31.5,6.5,2.7,10.9,10.1,,,,
2026-07-23T10:37:29+00:00,601,49.9,28.4,31.5,6.5,2.7,10.9,10.1,,,,
2026-07-23T10:37:51+00:00,602,51.4,28.4,31.5,6.4,2.7,10.9,10.1,,,,
2026-07-23T10:38:13+00:00,603,50.5,28.4,31.5,6.4,2.7,10.9,10.1,,,,
2026-07-23T10:38:34+00:00,604,54.5,28.4,31.5,6.3,2.7,10.9,10.1,,,,
2026-07-23T10:38:56+00:00,605,51.6,28.4,31.5,6.3,2.7,10.9,10.1,,,,
2026-07-23T10:39:19+00:00,606,50.5,28.4,31.5,6.3,2.7,10.9,10.1,,,,
2026-07-23T10:39:41+00:00,607,49.7,28.4,31.5,6.2,2.7,10.9,10.1,,,,
2026-07-23T10:40:03+00:00,608,50.1,28.4,31.5,6.2,2.7,10.9,10.1,,,,
2026-07-23T10:40:24+00:00,609,55.3,28.4,31.5,6.2,2.7,10.9,10.1,,,,
2026-07-23T10:40:46+00:00,610,53,28.4,31.5,6.2,2.7,10.9,10.1,,,,
2026-07-23T10:41:08+00:00,611,51.4,28.4,31.5,6.2,2.7,10.9,10.1,,,,
2026-07-23T10:41:30+00:00,612,50.1,28.4,31.5,6.1,2.7,10.9,10.1,,,,
2026-07-23T10:41:51+00:00,613,53.7,28.4,31.5,6.1,2.7,10.9,10.1,,,,
2026-07-23T10:42:13+00:00,614,50.3,28.4,31.5,6.1,2.7,10.9,10.1,,,,
2026-07-23T10:42:35+00:00,615,50.5,28.4,31.5,6.1,2.7,10.9,10.1,,,,
2026-07-23T10:42:56+00:00,616,52.6,28.4,31.5,6.1,2.7,10.9,10.1,,,,
2026-07-23T10:43:18+00:00,617,50.5,28.4,31.5,6.1,2.7,10.9,10.1,,,,
2026-07-23T10:43:40+00:00,618,50.7,28.4,31.5,6.1,2.7,10.9,10.1,,,,
2026-07-23T10:44:01+00:00,619,50.1,28.4,31.5,6,2.7,10.9,10.1,,,,
2026-07-23T10:44:23+00:00,620,52,28.4,31.5,6,2.7,10.9,10.1,,,,
2026-07-23T10:44:46+00:00,621,51.4,28.4,31.5,6,2.7,10.9,10.1,,,,
2026-07-23T10:45:07+00:00,622,50.5,28.2,31.5,6,2.7,10.9,10.1,,,,
2026-07-23T10:45:29+00:00,623,50.5,28.4,31.5,6,2.7,10.9,10.1,,,,
2026-07-23T10:45:51+00:00,624,54.5,28.4,31.5,6,2.7,10.9,10.1,,,,
2026-07-23T10:46:13+00:00,625,49.8,28.4,31.5,6,2.7,10.9,10.1,,,,
2026-07-23T10:46:34+00:00,626,52.6,28.4,31.5,6,2.7,10.9,10.1,,,,
2026-07-23T10:46:57+00:00,627,50.5,28.4,31.5,6,2.7,10.9,10.1,,,,
2026-07-23T10:47:18+00:00,628,50.5,28.4,31.5,6,2.7,10.9,10.1,,,,
2026-07-23T10:47:40+00:00,629,53.9,28.4,31.5,6,2.7,10.9,10.1,,,,
2026-07-23T10:48:02+00:00,630,50.1,28.4,31.5,6,2.7,10.9,10.1,,,,
2026-07-23T10:48:24+00:00,631,53.9,28.4,31.5,6,2.7,10.9,10.1,,,,
2026-07-23T10:48:46+00:00,632,53.7,28.4,31.5,6,2.7,10.9,10.1,,,,
2026-07-23T10:49:08+00:00,633,51.4,28.4,31.6,6,2.7,10.9,10.2,,,,
2026-07-23T10:49:29+00:00,634,50.1,28.4,31.6,6,2.7,10.9,10.2,,,,
2026-07-23T10:49:51+00:00,635,50.5,28.4,31.6,6,2.7,10.9,10.2,,,,
2026-07-23T10:50:12+00:00,636,50.1,28.4,31.6,6,2.7,10.9,10.2,,,,
2026-07-23T10:50:34+00:00,637,52.6,28.4,31.6,5.9,2.7,10.9,10.2,,,,
2026-07-23T10:50:55+00:00,638,53,28.4,31.6,5.9,2.7,10.9,10.2,,,,
2026-07-23T10:51:17+00:00,639,55.5,28.4,35.6,5.9,3.5,12.8,12.1,,,,
2026-07-23T10:51:39+00:00,640,50.5,28.4,35.4,6,3.5,12.7,12,,,,
2026-07-23T10:52:00+00:00,641,50.5,28.4,35.3,5.7,3.5,12.7,12,,,,
2026-07-23T10:52:22+00:00,642,53.9,28.4,35.2,5.8,3.5,12.7,11.9,,,,
2026-07-23T10:52:44+00:00,643,51.4,28.4,35.1,5.9,3.4,12.6,11.9,,,,
2026-07-23T10:53:06+00:00,644,50.5,28.4,35.1,5.9,3.4,12.6,11.9,,,,
2026-07-23T10:53:31+00:00,645,55.3,28.4,35,5.9,3.4,12.6,11.8,,,,
2026-07-23T10:53:53+00:00,646,50.5,28.4,35,5.8,3.4,12.6,11.8,,,,
2026-07-23T10:54:14+00:00,647,53.9,28.4,35,5.8,3.4,12.6,11.8,,,,
2026-07-23T10:54:36+00:00,648,53,28.4,35,5.9,3.4,12.6,11.8,,,,
2026-07-23T10:54:58+00:00,649,50.5,28.4,35,5.9,3.4,12.6,11.8,,,,
2026-07-23T10:55:19+00:00,650,50.5,28.4,35,5.8,3.4,12.6,11.8,,,,
2026-07-23T10:55:42+00:00,651,55.3,28.4,35,5.8,3.4,12.6,11.8,,,,
2026-07-23T10:56:04+00:00,652,50.5,28.4,34.9,5.8,3.4,12.5,11.8,,,,
2026-07-23T10:56:25+00:00,653,55.5,28.4,34.9,5.8,3.4,12.5,11.8,,,,
2026-07-23T10:56:47+00:00,654,51.4,28.4,34.9,5.8,3.4,12.5,11.8,,,,
2026-07-23T10:57:08+00:00,655,51.4,28.4,34.9,5.8,3.4,12.5,11.8,,,,
2026-07-23T10:57:30+00:00,656,54.1,28.4,34.9,5.8,3.4,12.5,11.8,,,,
2026-07-23T10:57:51+00:00,657,50.5,28.4,34.9,5.8,3.4,12.5,11.8,,,,
2026-07-23T10:58:13+00:00,658,53.9,28.4,34.9,5.8,3.4,12.5,11.8,,,,
2026-07-23T10:58:35+00:00,659,51.4,28.4,34.9,5.8,3.4,12.5,11.8,,,,
2026-07-23T10:58:56+00:00,660,54.5,28.4,34.9,5.8,3.4,12.5,11.8,,,,
2026-07-23T10:59:18+00:00,661,50.5,28.4,34.9,5.8,3.4,12.5,11.8,,,,
2026-07-23T10:59:40+00:00,662,51.4,28.4,34.9,5.8,3.4,12.5,11.8,,,,
2026-07-23T11:00:01+00:00,663,51.6,28.4,34.9,5.8,3.4,12.5,11.8,,,,
2026-07-23T11:00:23+00:00,664,50.5,28.4,34.9,5.8,3.4,12.5,11.8,,,,
2026-07-23T11:01:09+00:00,665,54.7,28.4,34.9,5.8,3.4,12.5,11.8,,,,
2026-07-23T11:01:32+00:00,666,51.4,28.4,34.9,5.8,3.4,12.5,11.8,,,,
2026-07-23T11:01:53+00:00,667,50.5,28.4,34.9,5.8,3.4,12.5,11.8,,,,
2026-07-23T11:02:15+00:00,668,50.5,28.4,34.9,5.8,3.4,12.5,11.8,,,,
2026-07-23T11:02:36+00:00,669,53.9,28.4,34.9,5.8,3.4,12.5,11.8,,,,
2026-07-23T11:02:58+00:00,670,53.9,28.4,34.9,5.8,3.4,12.5,11.8,,,,
2026-07-23T11:03:20+00:00,671,51.4,28.4,34.9,5.8,3.4,12.5,11.8,,,,
2026-07-23T11:03:41+00:00,672,53.9,28.4,34.9,5.9,3.4,12.5,11.8,,,,
2026-07-23T11:04:03+00:00,673,50.3,28.4,34.9,5.9,3.4,12.5,11.8,,,,
2026-07-23T11:04:24+00:00,674,55.3,28.4,35,6,3.4,12.6,11.8,,,,
2026-07-23T11:04:47+00:00,675,51.4,28.4,34.9,6,3.4,12.5,11.8,,,,
2026-07-23T11:05:08+00:00,676,51.4,28.4,35,6,3.4,12.6,11.8,,,,
2026-07-23T11:05:30+00:00,677,53.9,28.4,34.9,6,3.4,12.5,11.8,,,,
2026-07-23T11:05:51+00:00,678,53.9,28.4,35,6,3.4,12.6,11.8,,,,
2026-07-23T11:06:13+00:00,679,51.4,28.4,35,6,3.4,12.6,11.8,,,,
2026-07-23T11:06:35+00:00,680,50.5,28.4,35,6,3.4,12.6,11.8,,,,
2026-07-23T11:06:57+00:00,681,50.5,28.4,34.9,6,3.4,12.5,11.8,,,,
2026-07-23T11:07:18+00:00,682,53.9,28.4,35,6,3.4,12.6,11.8,,,,
2026-07-23T11:07:40+00:00,683,50.5,28.4,35,6,3.4,12.6,11.8,,,,
2026-07-23T11:08:02+00:00,684,50.5,28.4,35,6,3.4,12.6,11.8,,,,
2026-07-23T11:08:23+00:00,685,51.4,28.4,35,6,3.4,12.6,11.8,,,,
2026-07-23T11:08:45+00:00,686,54.9,28.4,35,6,3.4,12.6,11.8,,,,
2026-07-23T11:09:07+00:00,687,55.3,28.4,35,6,3.4,12.6,11.8,,,,
2026-07-23T11:09:28+00:00,688,51.4,28.4,35,6,3.4,12.6,11.8,,,,
2026-07-23T11:09:50+00:00,689,50.5,28.4,35,6,3.4,12.6,11.8,,,,
2026-07-23T11:10:12+00:00,690,52.6,28.4,35,6,3.4,12.6,11.8,,,,
2026-07-23T11:10:33+00:00,691,51.6,28.4,35,6,3.4,12.6,11.8,,,,
2026-07-23T11:10:55+00:00,692,51.6,28.4,35,6,3.4,12.6,11.8,,,,
2026-07-23T11:11:17+00:00,693,52.2,28.3,34.9,6,3.4,12.5,11.8,,,,
2026-07-23T11:11:39+00:00,694,55.5,28.4,40.5,5.9,4.6,15.2,14.5,,,,
2026-07-23T11:12:00+00:00,695,56.2,28.4,40.2,6,4.5,15.1,14.4,,,,
2026-07-23T11:12:47+00:00,696,54.5,28.4,39.8,6,4.4,14.9,14.2,,,,
2026-07-23T11:13:09+00:00,697,54.7,28.4,39.7,6,4.4,14.8,14.1,,,,
2026-07-23T11:13:30+00:00,698,53,28.4,39.6,6,4.4,14.8,14.1,,,,
2026-07-23T11:13:52+00:00,699,57.4,28.4,40.9,7.9,4.6,15.4,14.7,,,,
2026-07-23T11:14:14+00:00,700,58,28.4,40.9,7.8,4.6,15.4,14.7,,,,
2026-07-23T11:14:36+00:00,701,57,28.4,40.8,7.3,4.6,15.4,14.7,,,,
2026-07-23T11:14:58+00:00,702,57.6,28.4,40.8,7.1,4.6,15.4,14.7,,,,
2026-07-23T11:15:19+00:00,703,56.2,28.4,40.8,7,4.6,15.4,14.7,,,,
2026-07-23T11:15:41+00:00,704,57,28.4,40.8,6.8,4.6,15.4,14.7,,,,
2026-07-23T11:16:03+00:00,705,55.5,28.4,40.8,6.7,4.6,15.4,14.7,,,,
2026-07-23T11:16:25+00:00,706,58.9,28.4,40.8,6.6,4.6,15.4,14.7,,,,
2026-07-23T11:16:46+00:00,707,57.2,28.4,40.8,6.5,4.6,15.4,14.7,,,,
2026-07-23T11:17:08+00:00,708,56.2,28.4,40.8,6.5,4.6,15.4,14.7,,,,
2026-07-23T11:17:30+00:00,709,57.2,28.4,40.8,6.4,4.6,15.4,14.7,,,,
2026-07-23T11:17:51+00:00,710,56.2,28.4,40.8,6.4,4.6,15.4,14.7,,,,
2026-07-23T11:18:13+00:00,711,55.5,28.4,40.8,6.3,4.6,15.4,14.7,,,,
2026-07-23T11:18:35+00:00,712,55.1,28.4,40.8,6.3,4.6,15.4,14.7,,,,
2026-07-23T11:18:57+00:00,713,56.6,28.4,40.8,6.3,4.6,15.4,14.7,,,,
2026-07-23T11:19:18+00:00,714,57.2,28.4,40.8,6.3,4.6,15.4,14.7,,,,
2026-07-23T11:19:40+00:00,715,58.7,28.4,40.9,6.3,4.6,15.4,14.7,,,,
2026-07-23T11:20:02+00:00,716,55.5,28.4,40.8,6.2,4.6,15.4,14.7,,,,
2026-07-23T11:20:24+00:00,717,54.5,28.4,40.8,6.2,4.6,15.4,14.7,,,,
2026-07-23T11:20:45+00:00,718,56.2,28.4,40.9,6.2,4.6,15.4,14.7,,,,
2026-07-23T11:21:07+00:00,719,56.2,28.4,40.8,6.2,4.6,15.4,14.7,,,,
2026-07-23T11:21:29+00:00,720,55.7,28.4,40.9,6.2,4.6,15.4,14.7,,,,
2026-07-23T11:21:50+00:00,721,56.2,28.4,40.9,6.2,4.6,15.4,14.7,,,,
2026-07-23T11:22:12+00:00,722,55.7,28.3,40.9,6.2,4.6,15.4,14.7,,,,
2026-07-23T11:22:33+00:00,723,56.2,28.4,40.9,6.2,4.6,15.4,14.7,,,,
2026-07-23T11:22:55+00:00,724,55.5,28.4,40.9,6.2,4.6,15.4,14.7,,,,
2026-07-23T11:23:17+00:00,725,55.5,28.4,40.9,6.2,4.6,15.4,14.7,,,,
2026-07-23T11:23:38+00:00,726,56.8,28.4,40.9,6.2,4.6,15.4,14.7,,,,
2026-07-23T11:24:00+00:00,727,57,28.3,40.9,6.2,4.6,15.4,14.7,,,,
2026-07-23T11:24:22+00:00,728,58.7,28.4,40.9,6.2,4.6,15.4,14.7,,,,
2026-07-23T11:24:44+00:00,729,57.6,28.4,40.9,6.2,4.6,15.4,14.7,,,,
2026-07-23T11:25:06+00:00,730,58,28.4,40.9,6.2,4.6,15.4,14.7,,,,
2026-07-23T11:25:28+00:00,731,55.5,28.4,40.9,6.2,4.6,15.4,14.7,,,,
2026-07-23T11:25:50+00:00,732,55.5,28.4,40.9,6.2,4.6,15.4,14.7,,,,
2026-07-23T11:26:11+00:00,733,57.6,28.4,40.9,6.2,4.6,15.4,14.7,,,,
2026-07-23T11:26:33+00:00,734,54.5,28.4,40.9,6.2,4.6,15.4,14.7,,,,
2026-07-23T11:26:55+00:00,735,56.2,28.4,40.9,6.2,4.6,15.4,14.7,,,,
2026-07-23T11:27:17+00:00,736,56.6,28.4,40.8,6.2,4.6,15.4,14.7,,,,
2026-07-23T11:27:39+00:00,737,56.6,28.4,40.8,6.2,4.6,15.4,14.7,,,,
2026-07-23T11:28:00+00:00,738,54.7,28.4,40.9,6.2,4.6,15.4,14.7,,,,
2026-07-23T11:28:22+00:00,739,59.1,28.4,40.9,6.2,4.6,15.4,14.7,,,,
2026-07-23T11:28:44+00:00,740,54.5,28.4,40.9,6.2,4.6,15.4,14.7,,,,
2026-07-23T11:29:06+00:00,741,55.1,28.4,40.9,6.2,4.6,15.4,14.7,,,,
2026-07-23T11:29:27+00:00,742,58.2,28.4,40.9,6.2,4.6,15.4,14.7,,,,
2026-07-23T11:29:49+00:00,743,54.7,28.4,40.9,6.2,4.6,15.4,14.7,,,,
2026-07-23T11:30:11+00:00,744,57.6,28.4,40.9,6.1,4.6,15.4,14.7,,,,
2026-07-23T11:30:33+00:00,745,55.1,28.4,40.9,6.1,4.6,15.4,14.7,,,,
2026-07-23T11:30:55+00:00,746,55.1,28.4,40.9,6.1,4.6,15.4,14.7,,,,
2026-07-23T11:31:17+00:00,747,57.6,28.4,40.9,6.1,4.6,15.4,14.7,,,,
2026-07-23T11:31:39+00:00,748,22.7,27.5,21.1,7.3,0.5,5.9,5.1,,,,
